time,
0.00287532,
0.00262619,
0.00281316,
0.00271647,
0.00280311,
0.0028318,
0.00320135,
0.00266487,
0.00325434,
0.00256771,
0.00261903,
0.00272653,
0.00289929,
0.00280322,
0.00297136,
0.00264116,
0.00270027,
0.00272061,
0.00261284,
0.00286077,
0.00282724,
0.00271254,
0.00334697,
0.00330236,
0.00344114,
0.00344254,
0.00360932,
0.00314115,
0.00284315,
0.00276894,
0.00278426,
0.00342415,
0.00385265,
0.00435417,
0.00327621,
0.00339694,
0.00370235,
0.00343737,
0.00317501,
0.00290422,
0.00295919,
0.00318832,
0.00332804,
0.00286814,
0.00296207,
0.00283945,
0.00294733,
0.00280428,
0.0030511,
0.00276787,
0.00594344,
0.0053473,
0.00398381,
0.00286151,
0.00264162,
0.00293252,
0.00269027,
0.00267735,
0.00282556,
0.00307491,
0.00301992,
0.00296178,
0.00320855,
0.00290112,
0.00259834,
0.00266069,
0.00273768,
0.00391713,
0.00294404,
0.00265378,
0.00297774,
0.00285629,
0.00265147,
0.0027415,
0.00259857,
0.00299283,
0.00276087,
0.00285212,
0.00260738,
0.00279957,
0.00264755,
0.00272979,
0.00276923,
0.00350952,
0.00271366,
0.00296608,
0.00271589,
0.00401709,
0.00266834,
0.00262918,
0.00283847,
0.00298442,
0.00343245,
0.00309068,
0.00398882,
0.00377836,
0.00356169,
0.00476803,
0.0036483,
0.00393617