time,
0.194075,
0.272523,
0.288456,
0.237336,
0.251403,
0.142288,
0.22946,
0.25878,
0.293212,
0.212322,
0.194247,
0.261387,
0.283515,
0.262857,
0.280335,
0.306461,
0.252916,
0.220683,
0.327811,
0.221663,
0.246189,
0.277526,
0.240046,
0.241315,
0.237836,
0.287664,
0.247683,
0.257084,
0.25392,
0.214559,
0.344539,
0.221401,
0.239788,
0.197425,
0.317466,
0.278061,
0.264149,
0.246461,
0.268516,
0.230584,
0.234793,
0.223239,
0.278367,
0.184932,
0.194753,
0.301737,
0.256839,
0.231017,
0.290992,
0.205006,
0.240286,
0.209619,
0.247512,
0.267408,
0.26498,
0.234917,
0.284052,
0.236261,
0.294865,
0.212157,
0.230122,
0.176421,
0.26382,
0.266024,
0.207411,
0.216777,
0.259569,
0.229875,
0.242331,
0.27679,
0.264828,
0.255558,
0.22423,
0.264489,
0.279803,
0.287051,
0.271178,
0.286836,
0.290748,
0.188758,
0.213974,
0.219218,
0.254178,
0.242455,
0.220954,
0.219417,
0.184874,
0.286735,
0.262555,
0.222072,
0.253057,
0.289181,
0.255314,
0.195325,
0.237314,
0.274205,
0.29934,
0.278309,
0.197347,
0.217122